city,date,death_new,death_accum
KEE,2022-03-10,0,29
KEE,2022-03-11,0,29
KEE,2022-03-12,0,29
KEE,2022-03-13,0,29
KEE,2022-03-14,0,29
KEE,2022-03-15,0,29
KEE,2022-03-16,0,29
KEE,2022-03-17,0,29
KEE,2022-03-18,0,29
KEE,2022-03-19,0,29
KEE,2022-03-20,0,29
KEE,2022-03-21,0,29
KEE,2022-03-22,0,29
KEE,2022-03-23,0,29
KEE,2022-03-24,0,29
KEE,2022-03-25,0,29
KEE,2022-03-26,0,29
KEE,2022-03-27,0,29
KEE,2022-03-28,0,29
KEE,2022-03-29,0,29
KEE,2022-03-30,0,29
KEE,2022-03-31,0,29
KEE,2022-04-01,0,29
KEE,2022-04-02,0,29
KEE,2022-04-03,0,29
KEE,2022-04-04,0,29
KEE,2022-04-05,0,29
KEE,2022-04-06,0,29
KEE,2022-04-07,0,29
KEE,2022-04-08,0,29
KEE,2022-04-09,1,30
KEE,2022-04-10,0,30
KEE,2022-04-11,0,30
KEE,2022-04-12,0,30
KEE,2022-04-13,0,30
KEE,2022-04-14,0,30
KEE,2022-04-15,0,30
KEE,2022-04-16,0,30
KEE,2022-04-17,0,30
KEE,2022-04-18,0,30
KEE,2022-04-19,0,30
KEE,2022-04-20,0,30
KEE,2022-04-21,0,30
KEE,2022-04-22,0,30
KEE,2022-04-23,0,30
KEE,2022-04-24,0,30
KEE,2022-04-25,0,30
KEE,2022-04-26,0,30
KEE,2022-04-27,0,30
KEE,2022-04-28,1,31
KEE,2022-04-29,0,31
KEE,2022-04-30,2,33
KEE,2022-05-01,1,34
KEE,2022-05-02,0,34
KEE,2022-05-03,0,34
KEE,2022-05-04,0,34
KEE,2022-05-05,0,34
KEE,2022-05-06,1,35
KEE,2022-05-07,1,36
KEE,2022-05-08,2,38
KEE,2022-05-09,2,40
KEE,2022-05-10,1,41
KEE,2022-05-11,0,41
KEE,2022-05-12,0,41
KEE,2022-05-13,3,44
KEE,2022-05-14,2,46
KEE,2022-05-15,5,51
KEE,2022-05-16,3,54
KEE,2022-05-17,3,57
KEE,2022-05-18,2,59
KEE,2022-05-19,5,64
KEE,2022-05-20,1,65
KEE,2022-05-21,3,68
KEE,2022-05-22,4,72
KEE,2022-05-23,1,73
KEE,2022-05-24,2,75
KEE,2022-05-25,2,77
KEE,2022-05-26,3,80
KEE,2022-05-27,8,88
KEE,2022-05-28,7,95
KEE,2022-05-29,6,101
KEE,2022-05-30,1,102
KEE,2022-05-31,1,103
KEE,2022-06-01,3,106
KEE,2022-06-02,3,109
KEE,2022-06-03,2,111
KEE,2022-06-04,2,113
NWT,2022-03-10,0,413
NWT,2022-03-11,0,413
NWT,2022-03-12,0,413
NWT,2022-03-13,0,413
NWT,2022-03-14,0,413
NWT,2022-03-15,0,413
NWT,2022-03-16,0,413
NWT,2022-03-17,0,413
NWT,2022-03-18,0,413
NWT,2022-03-19,0,413
NWT,2022-03-20,0,413
NWT,2022-03-21,0,413
NWT,2022-03-22,0,413
NWT,2022-03-23,0,413
NWT,2022-03-24,0,413
NWT,2022-03-25,0,413
NWT,2022-03-26,0,413
NWT,2022-03-27,0,413
NWT,2022-03-28,0,413
NWT,2022-03-29,0,413
NWT,2022-03-30,0,413
NWT,2022-03-31,0,413
NWT,2022-04-01,0,413
NWT,2022-04-02,0,413
NWT,2022-04-03,0,413
NWT,2022-04-04,0,413
NWT,2022-04-05,0,413
NWT,2022-04-06,0,413
NWT,2022-04-07,0,413
NWT,2022-04-08,0,413
NWT,2022-04-09,0,413
NWT,2022-04-10,0,413
NWT,2022-04-11,0,413
NWT,2022-04-12,0,413
NWT,2022-04-13,0,413
NWT,2022-04-14,0,413
NWT,2022-04-15,0,413
NWT,2022-04-16,0,413
NWT,2022-04-17,0,413
NWT,2022-04-18,0,413
NWT,2022-04-19,2,415
NWT,2022-04-20,0,415
NWT,2022-04-21,0,415
NWT,2022-04-22,0,415
NWT,2022-04-23,0,415
NWT,2022-04-24,0,415
NWT,2022-04-25,0,415
NWT,2022-04-26,0,415
NWT,2022-04-27,0,415
NWT,2022-04-28,1,416
NWT,2022-04-29,1,417
NWT,2022-04-30,0,417
NWT,2022-05-01,1,418
NWT,2022-05-02,0,418
NWT,2022-05-03,0,418
NWT,2022-05-04,2,420
NWT,2022-05-05,2,422
NWT,2022-05-06,8,430
NWT,2022-05-07,2,432
NWT,2022-05-08,6,438
NWT,2022-05-09,5,443
NWT,2022-05-10,5,448
NWT,2022-05-11,2,450
NWT,2022-05-12,13,463
NWT,2022-05-13,20,483
NWT,2022-05-14,20,503
NWT,2022-05-15,7,510
NWT,2022-05-16,16,526
NWT,2022-05-17,16,542
NWT,2022-05-18,22,564
NWT,2022-05-19,21,585
NWT,2022-05-20,14,599
NWT,2022-05-21,16,615
NWT,2022-05-22,22,637
NWT,2022-05-23,8,645
NWT,2022-05-24,11,656
NWT,2022-05-25,31,687
NWT,2022-05-26,46,733
NWT,2022-05-27,60,793
NWT,2022-05-28,40,833
NWT,2022-05-29,48,881
NWT,2022-05-30,24,905
NWT,2022-05-31,28,933
NWT,2022-06-01,40,973
NWT,2022-06-02,51,1024
NWT,2022-06-03,29,1053
NWT,2022-06-04,33,1086
TPE,2022-03-10,0,322
TPE,2022-03-11,0,322
TPE,2022-03-12,0,322
TPE,2022-03-13,0,322
TPE,2022-03-14,0,322
TPE,2022-03-15,0,322
TPE,2022-03-16,0,322
TPE,2022-03-17,0,322
TPE,2022-03-18,0,322
TPE,2022-03-19,0,322
TPE,2022-03-20,0,322
TPE,2022-03-21,0,322
TPE,2022-03-22,0,322
TPE,2022-03-23,0,322
TPE,2022-03-24,0,322
TPE,2022-03-25,0,322
TPE,2022-03-26,0,322
TPE,2022-03-27,0,322
TPE,2022-03-28,0,322
TPE,2022-03-29,0,322
TPE,2022-03-30,0,322
TPE,2022-03-31,0,322
TPE,2022-04-01,0,322
TPE,2022-04-02,0,322
TPE,2022-04-03,0,322
TPE,2022-04-04,0,322
TPE,2022-04-05,0,322
TPE,2022-04-06,0,322
TPE,2022-04-07,0,322
TPE,2022-04-08,0,322
TPE,2022-04-09,0,322
TPE,2022-04-10,0,322
TPE,2022-04-11,0,322
TPE,2022-04-12,0,322
TPE,2022-04-13,0,322
TPE,2022-04-14,0,322
TPE,2022-04-15,0,322
TPE,2022-04-16,0,322
TPE,2022-04-17,0,322
TPE,2022-04-18,0,322
TPE,2022-04-19,0,322
TPE,2022-04-20,0,322
TPE,2022-04-21,0,322
TPE,2022-04-22,0,322
TPE,2022-04-23,0,322
TPE,2022-04-24,0,322
TPE,2022-04-25,0,322
TPE,2022-04-26,0,322
TPE,2022-04-27,0,322
TPE,2022-04-28,0,322
TPE,2022-04-29,0,322
TPE,2022-04-30,1,323
TPE,2022-05-01,1,324
TPE,2022-05-02,1,325
TPE,2022-05-03,1,326
TPE,2022-05-04,1,327
TPE,2022-05-05,1,328
TPE,2022-05-06,0,328
TPE,2022-05-07,5,333
TPE,2022-05-08,4,337
TPE,2022-05-09,2,339
TPE,2022-05-10,4,343
TPE,2022-05-11,0,343
TPE,2022-05-12,3,346
TPE,2022-05-13,14,360
TPE,2022-05-14,9,369
TPE,2022-05-15,1,370
TPE,2022-05-16,5,375
TPE,2022-05-17,6,381
TPE,2022-05-18,11,392
TPE,2022-05-19,13,405
TPE,2022-05-20,12,417
TPE,2022-05-21,18,435
TPE,2022-05-22,8,443
TPE,2022-05-23,8,451
TPE,2022-05-24,3,454
TPE,2022-05-25,19,473
TPE,2022-05-26,20,493
TPE,2022-05-27,14,507
TPE,2022-05-28,14,521
TPE,2022-05-29,23,544
TPE,2022-05-30,6,550
TPE,2022-05-31,10,560
TPE,2022-06-01,13,573
TPE,2022-06-02,21,594
TPE,2022-06-03,15,609
TPE,2022-06-04,16,625
TAO,2022-03-10,0,28
TAO,2022-03-11,0,28
TAO,2022-03-12,0,28
TAO,2022-03-13,0,28
TAO,2022-03-14,0,28
TAO,2022-03-15,0,28
TAO,2022-03-16,0,28
TAO,2022-03-17,0,28
TAO,2022-03-18,0,28
TAO,2022-03-19,0,28
TAO,2022-03-20,0,28
TAO,2022-03-21,0,28
TAO,2022-03-22,0,28
TAO,2022-03-23,0,28
TAO,2022-03-24,0,28
TAO,2022-03-25,0,28
TAO,2022-03-26,0,28
TAO,2022-03-27,0,28
TAO,2022-03-28,0,28
TAO,2022-03-29,0,28
TAO,2022-03-30,0,28
TAO,2022-03-31,0,28
TAO,2022-04-01,0,28
TAO,2022-04-02,0,28
TAO,2022-04-03,0,28
TAO,2022-04-04,0,28
TAO,2022-04-05,0,28
TAO,2022-04-06,0,28
TAO,2022-04-07,0,28
TAO,2022-04-08,0,28
TAO,2022-04-09,0,28
TAO,2022-04-10,0,28
TAO,2022-04-11,0,28
TAO,2022-04-12,0,28
TAO,2022-04-13,0,28
TAO,2022-04-14,0,28
TAO,2022-04-15,0,28
TAO,2022-04-16,0,28
TAO,2022-04-17,0,28
TAO,2022-04-18,0,28
TAO,2022-04-19,0,28
TAO,2022-04-20,0,28
TAO,2022-04-21,0,28
TAO,2022-04-22,0,28
TAO,2022-04-23,0,28
TAO,2022-04-24,0,28
TAO,2022-04-25,0,28
TAO,2022-04-26,0,28
TAO,2022-04-27,0,28
TAO,2022-04-28,0,28
TAO,2022-04-29,0,28
TAO,2022-04-30,0,28
TAO,2022-05-01,0,28
TAO,2022-05-02,1,29
TAO,2022-05-03,1,30
TAO,2022-05-04,2,32
TAO,2022-05-05,0,32
TAO,2022-05-06,0,32
TAO,2022-05-07,0,32
TAO,2022-05-08,0,32
TAO,2022-05-09,0,32
TAO,2022-05-10,0,32
TAO,2022-05-11,4,36
TAO,2022-05-12,0,36
TAO,2022-05-13,0,36
TAO,2022-05-14,0,36
TAO,2022-05-15,0,36
TAO,2022-05-16,0,36
TAO,2022-05-17,0,36
TAO,2022-05-18,0,36
TAO,2022-05-19,0,36
TAO,2022-05-20,1,37
TAO,2022-05-21,0,37
TAO,2022-05-22,3,40
TAO,2022-05-23,2,42
TAO,2022-05-24,0,42
TAO,2022-05-25,0,42
TAO,2022-05-26,0,42
TAO,2022-05-27,0,42
TAO,2022-05-28,8,50
TAO,2022-05-29,8,58
TAO,2022-05-30,13,71
TAO,2022-05-31,5,76
TAO,2022-06-01,14,90
TAO,2022-06-02,5,95
TAO,2022-06-03,9,104
TAO,2022-06-04,14,118
HSZ,2022-03-10,0,1
HSZ,2022-03-11,0,1
HSZ,2022-03-12,0,1
HSZ,2022-03-13,0,1
HSZ,2022-03-14,0,1
HSZ,2022-03-15,0,1
HSZ,2022-03-16,0,1
HSZ,2022-03-17,0,1
HSZ,2022-03-18,0,1
HSZ,2022-03-19,0,1
HSZ,2022-03-20,0,1
HSZ,2022-03-21,0,1
HSZ,2022-03-22,0,1
HSZ,2022-03-23,0,1
HSZ,2022-03-24,0,1
HSZ,2022-03-25,0,1
HSZ,2022-03-26,0,1
HSZ,2022-03-27,0,1
HSZ,2022-03-28,0,1
HSZ,2022-03-29,0,1
HSZ,2022-03-30,0,1
HSZ,2022-03-31,0,1
HSZ,2022-04-01,0,1
HSZ,2022-04-02,0,1
HSZ,2022-04-03,0,1
HSZ,2022-04-04,0,1
HSZ,2022-04-05,0,1
HSZ,2022-04-06,0,1
HSZ,2022-04-07,0,1
HSZ,2022-04-08,0,1
HSZ,2022-04-09,0,1
HSZ,2022-04-10,0,1
HSZ,2022-04-11,0,1
HSZ,2022-04-12,0,1
HSZ,2022-04-13,0,1
HSZ,2022-04-14,0,1
HSZ,2022-04-15,0,1
HSZ,2022-04-16,0,1
HSZ,2022-04-17,0,1
HSZ,2022-04-18,0,1
HSZ,2022-04-19,0,1
HSZ,2022-04-20,0,1
HSZ,2022-04-21,0,1
HSZ,2022-04-22,0,1
HSZ,2022-04-23,0,1
HSZ,2022-04-24,0,1
HSZ,2022-04-25,0,1
HSZ,2022-04-26,0,1
HSZ,2022-04-27,0,1
HSZ,2022-04-28,0,1
HSZ,2022-04-29,0,1
HSZ,2022-04-30,0,1
HSZ,2022-05-01,0,1
HSZ,2022-05-02,0,1
HSZ,2022-05-03,0,1
HSZ,2022-05-04,0,1
HSZ,2022-05-05,0,1
HSZ,2022-05-06,0,1
HSZ,2022-05-07,0,1
HSZ,2022-05-08,0,1
HSZ,2022-05-09,0,1
HSZ,2022-05-10,0,1
HSZ,2022-05-11,0,1
HSZ,2022-05-12,0,1
HSZ,2022-05-13,0,1
HSZ,2022-05-14,0,1
HSZ,2022-05-15,0,1
HSZ,2022-05-16,0,1
HSZ,2022-05-17,0,1
HSZ,2022-05-18,0,1
HSZ,2022-05-19,0,1
HSZ,2022-05-20,0,1
HSZ,2022-05-21,0,1
HSZ,2022-05-22,0,1
HSZ,2022-05-23,0,1
HSZ,2022-05-24,0,1
HSZ,2022-05-25,0,1
HSZ,2022-05-26,0,1
HSZ,2022-05-27,0,1
HSZ,2022-05-28,1,2
HSZ,2022-05-29,0,2
HSZ,2022-05-30,1,3
HSZ,2022-05-31,0,3
HSZ,2022-06-01,0,3
HSZ,2022-06-02,3,6
HSZ,2022-06-03,0,6
HSZ,2022-06-04,0,6
HSQ,2022-03-10,0,13
HSQ,2022-03-11,0,13
HSQ,2022-03-12,0,13
HSQ,2022-03-13,0,13
HSQ,2022-03-14,0,13
HSQ,2022-03-15,0,13
HSQ,2022-03-16,0,13
HSQ,2022-03-17,0,13
HSQ,2022-03-18,0,13
HSQ,2022-03-19,0,13
HSQ,2022-03-20,0,13
HSQ,2022-03-21,0,13
HSQ,2022-03-22,0,13
HSQ,2022-03-23,0,13
HSQ,2022-03-24,0,13
HSQ,2022-03-25,0,13
HSQ,2022-03-26,0,13
HSQ,2022-03-27,0,13
HSQ,2022-03-28,0,13
HSQ,2022-03-29,0,13
HSQ,2022-03-30,0,13
HSQ,2022-03-31,0,13
HSQ,2022-04-01,0,13
HSQ,2022-04-02,0,13
HSQ,2022-04-03,0,13
HSQ,2022-04-04,0,13
HSQ,2022-04-05,0,13
HSQ,2022-04-06,0,13
HSQ,2022-04-07,0,13
HSQ,2022-04-08,0,13
HSQ,2022-04-09,0,13
HSQ,2022-04-10,0,13
HSQ,2022-04-11,0,13
HSQ,2022-04-12,0,13
HSQ,2022-04-13,0,13
HSQ,2022-04-14,0,13
HSQ,2022-04-15,0,13
HSQ,2022-04-16,0,13
HSQ,2022-04-17,0,13
HSQ,2022-04-18,0,13
HSQ,2022-04-19,0,13
HSQ,2022-04-20,0,13
HSQ,2022-04-21,0,13
HSQ,2022-04-22,0,13
HSQ,2022-04-23,0,13
HSQ,2022-04-24,0,13
HSQ,2022-04-25,0,13
HSQ,2022-04-26,0,13
HSQ,2022-04-27,0,13
HSQ,2022-04-28,0,13
HSQ,2022-04-29,0,13
HSQ,2022-04-30,0,13
HSQ,2022-05-01,0,13
HSQ,2022-05-02,0,13
HSQ,2022-05-03,0,13
HSQ,2022-05-04,0,13
HSQ,2022-05-05,1,14
HSQ,2022-05-06,0,14
HSQ,2022-05-07,0,14
HSQ,2022-05-08,0,14
HSQ,2022-05-09,0,14
HSQ,2022-05-10,0,14
HSQ,2022-05-11,0,14
HSQ,2022-05-12,0,14
HSQ,2022-05-13,0,14
HSQ,2022-05-14,0,14
HSQ,2022-05-15,0,14
HSQ,2022-05-16,0,14
HSQ,2022-05-17,0,14
HSQ,2022-05-18,0,14
HSQ,2022-05-19,0,14
HSQ,2022-05-20,1,15
HSQ,2022-05-21,0,15
HSQ,2022-05-22,2,17
HSQ,2022-05-23,0,17
HSQ,2022-05-24,0,17
HSQ,2022-05-25,0,17
HSQ,2022-05-26,1,18
HSQ,2022-05-27,0,18
HSQ,2022-05-28,0,18
HSQ,2022-05-29,2,20
HSQ,2022-05-30,0,20
HSQ,2022-05-31,1,21
HSQ,2022-06-01,1,22
HSQ,2022-06-02,0,22
HSQ,2022-06-03,0,22
HSQ,2022-06-04,2,24
MIA,2022-03-10,0,3
MIA,2022-03-11,0,3
MIA,2022-03-12,0,3
MIA,2022-03-13,0,3
MIA,2022-03-14,0,3
MIA,2022-03-15,0,3
MIA,2022-03-16,0,3
MIA,2022-03-17,0,3
MIA,2022-03-18,0,3
MIA,2022-03-19,0,3
MIA,2022-03-20,0,3
MIA,2022-03-21,0,3
MIA,2022-03-22,0,3
MIA,2022-03-23,0,3
MIA,2022-03-24,0,3
MIA,2022-03-25,0,3
MIA,2022-03-26,0,3
MIA,2022-03-27,0,3
MIA,2022-03-28,0,3
MIA,2022-03-29,0,3
MIA,2022-03-30,0,3
MIA,2022-03-31,0,3
MIA,2022-04-01,0,3
MIA,2022-04-02,0,3
MIA,2022-04-03,0,3
MIA,2022-04-04,0,3
MIA,2022-04-05,0,3
MIA,2022-04-06,0,3
MIA,2022-04-07,0,3
MIA,2022-04-08,0,3
MIA,2022-04-09,0,3
MIA,2022-04-10,0,3
MIA,2022-04-11,0,3
MIA,2022-04-12,0,3
MIA,2022-04-13,0,3
MIA,2022-04-14,0,3
MIA,2022-04-15,0,3
MIA,2022-04-16,0,3
MIA,2022-04-17,0,3
MIA,2022-04-18,0,3
MIA,2022-04-19,0,3
MIA,2022-04-20,0,3
MIA,2022-04-21,0,3
MIA,2022-04-22,0,3
MIA,2022-04-23,0,3
MIA,2022-04-24,0,3
MIA,2022-04-25,0,3
MIA,2022-04-26,0,3
MIA,2022-04-27,0,3
MIA,2022-04-28,0,3
MIA,2022-04-29,0,3
MIA,2022-04-30,0,3
MIA,2022-05-01,0,3
MIA,2022-05-02,0,3
MIA,2022-05-03,0,3
MIA,2022-05-04,0,3
MIA,2022-05-05,0,3
MIA,2022-05-06,0,3
MIA,2022-05-07,0,3
MIA,2022-05-08,0,3
MIA,2022-05-09,0,3
MIA,2022-05-10,0,3
MIA,2022-05-11,0,3
MIA,2022-05-12,0,3
MIA,2022-05-13,0,3
MIA,2022-05-14,0,3
MIA,2022-05-15,0,3
MIA,2022-05-16,0,3
MIA,2022-05-17,0,3
MIA,2022-05-18,0,3
MIA,2022-05-19,0,3
MIA,2022-05-20,1,4
MIA,2022-05-21,0,4
MIA,2022-05-22,1,5
MIA,2022-05-23,1,6
MIA,2022-05-24,0,6
MIA,2022-05-25,0,6
MIA,2022-05-26,0,6
MIA,2022-05-27,0,6
MIA,2022-05-28,1,7
MIA,2022-05-29,2,9
MIA,2022-05-30,0,9
MIA,2022-05-31,0,9
MIA,2022-06-01,3,12
MIA,2022-06-02,0,12
MIA,2022-06-03,1,13
MIA,2022-06-04,8,21
TXG,2022-03-10,0,5
TXG,2022-03-11,0,5
TXG,2022-03-12,0,5
TXG,2022-03-13,0,5
TXG,2022-03-14,0,5
TXG,2022-03-15,0,5
TXG,2022-03-16,0,5
TXG,2022-03-17,0,5
TXG,2022-03-18,0,5
TXG,2022-03-19,0,5
TXG,2022-03-20,0,5
TXG,2022-03-21,0,5
TXG,2022-03-22,0,5
TXG,2022-03-23,0,5
TXG,2022-03-24,0,5
TXG,2022-03-25,0,5
TXG,2022-03-26,0,5
TXG,2022-03-27,0,5
TXG,2022-03-28,0,5
TXG,2022-03-29,0,5
TXG,2022-03-30,0,5
TXG,2022-03-31,0,5
TXG,2022-04-01,0,5
TXG,2022-04-02,0,5
TXG,2022-04-03,0,5
TXG,2022-04-04,0,5
TXG,2022-04-05,0,5
TXG,2022-04-06,0,5
TXG,2022-04-07,0,5
TXG,2022-04-08,0,5
TXG,2022-04-09,0,5
TXG,2022-04-10,0,5
TXG,2022-04-11,0,5
TXG,2022-04-12,0,5
TXG,2022-04-13,0,5
TXG,2022-04-14,0,5
TXG,2022-04-15,0,5
TXG,2022-04-16,0,5
TXG,2022-04-17,0,5
TXG,2022-04-18,0,5
TXG,2022-04-19,0,5
TXG,2022-04-20,0,5
TXG,2022-04-21,0,5
TXG,2022-04-22,0,5
TXG,2022-04-23,0,5
TXG,2022-04-24,0,5
TXG,2022-04-25,0,5
TXG,2022-04-26,0,5
TXG,2022-04-27,0,5
TXG,2022-04-28,0,5
TXG,2022-04-29,0,5
TXG,2022-04-30,0,5
TXG,2022-05-01,0,5
TXG,2022-05-02,0,5
TXG,2022-05-03,0,5
TXG,2022-05-04,0,5
TXG,2022-05-05,0,5
TXG,2022-05-06,0,5
TXG,2022-05-07,1,6
TXG,2022-05-08,0,6
TXG,2022-05-09,0,6
TXG,2022-05-10,1,7
TXG,2022-05-11,0,7
TXG,2022-05-12,0,7
TXG,2022-05-13,4,11
TXG,2022-05-14,3,14
TXG,2022-05-15,0,14
TXG,2022-05-16,0,14
TXG,2022-05-17,3,17
TXG,2022-05-18,2,19
TXG,2022-05-19,2,21
TXG,2022-05-20,2,23
TXG,2022-05-21,6,29
TXG,2022-05-22,4,33
TXG,2022-05-23,5,38
TXG,2022-05-24,2,40
TXG,2022-05-25,7,47
TXG,2022-05-26,5,52
TXG,2022-05-27,7,59
TXG,2022-05-28,7,66
TXG,2022-05-29,11,77
TXG,2022-05-30,19,96
TXG,2022-05-31,9,105
TXG,2022-06-01,5,110
TXG,2022-06-02,21,131
TXG,2022-06-03,15,146
TXG,2022-06-04,14,160
CHA,2022-03-10,0,15
CHA,2022-03-11,0,15
CHA,2022-03-12,0,15
CHA,2022-03-13,0,15
CHA,2022-03-14,0,15
CHA,2022-03-15,0,15
CHA,2022-03-16,0,15
CHA,2022-03-17,0,15
CHA,2022-03-18,0,15
CHA,2022-03-19,0,15
CHA,2022-03-20,0,15
CHA,2022-03-21,0,15
CHA,2022-03-22,0,15
CHA,2022-03-23,0,15
CHA,2022-03-24,0,15
CHA,2022-03-25,0,15
CHA,2022-03-26,0,15
CHA,2022-03-27,0,15
CHA,2022-03-28,0,15
CHA,2022-03-29,0,15
CHA,2022-03-30,0,15
CHA,2022-03-31,0,15
CHA,2022-04-01,0,15
CHA,2022-04-02,0,15
CHA,2022-04-03,0,15
CHA,2022-04-04,0,15
CHA,2022-04-05,0,15
CHA,2022-04-06,0,15
CHA,2022-04-07,0,15
CHA,2022-04-08,0,15
CHA,2022-04-09,0,15
CHA,2022-04-10,0,15
CHA,2022-04-11,0,15
CHA,2022-04-12,0,15
CHA,2022-04-13,0,15
CHA,2022-04-14,0,15
CHA,2022-04-15,0,15
CHA,2022-04-16,0,15
CHA,2022-04-17,0,15
CHA,2022-04-18,0,15
CHA,2022-04-19,0,15
CHA,2022-04-20,0,15
CHA,2022-04-21,0,15
CHA,2022-04-22,0,15
CHA,2022-04-23,0,15
CHA,2022-04-24,0,15
CHA,2022-04-25,0,15
CHA,2022-04-26,0,15
CHA,2022-04-27,0,15
CHA,2022-04-28,0,15
CHA,2022-04-29,0,15
CHA,2022-04-30,0,15
CHA,2022-05-01,0,15
CHA,2022-05-02,0,15
CHA,2022-05-03,0,15
CHA,2022-05-04,0,15
CHA,2022-05-05,0,15
CHA,2022-05-06,0,15
CHA,2022-05-07,0,15
CHA,2022-05-08,0,15
CHA,2022-05-09,0,15
CHA,2022-05-10,1,16
CHA,2022-05-11,0,16
CHA,2022-05-12,0,16
CHA,2022-05-13,0,16
CHA,2022-05-14,2,18
CHA,2022-05-15,0,18
CHA,2022-05-16,0,18
CHA,2022-05-17,1,19
CHA,2022-05-18,2,21
CHA,2022-05-19,2,23
CHA,2022-05-20,1,24
CHA,2022-05-21,3,27
CHA,2022-05-22,2,29
CHA,2022-05-23,2,31
CHA,2022-05-24,2,33
CHA,2022-05-25,1,34
CHA,2022-05-26,1,35
CHA,2022-05-27,3,38
CHA,2022-05-28,10,48
CHA,2022-05-29,2,50
CHA,2022-05-30,3,53
CHA,2022-05-31,4,57
CHA,2022-06-01,4,61
CHA,2022-06-02,7,68
CHA,2022-06-03,12,80
CHA,2022-06-04,9,89
NAN,2022-03-10,0,1
NAN,2022-03-11,0,1
NAN,2022-03-12,0,1
NAN,2022-03-13,0,1
NAN,2022-03-14,0,1
NAN,2022-03-15,0,1
NAN,2022-03-16,0,1
NAN,2022-03-17,0,1
NAN,2022-03-18,0,1
NAN,2022-03-19,0,1
NAN,2022-03-20,0,1
NAN,2022-03-21,0,1
NAN,2022-03-22,0,1
NAN,2022-03-23,0,1
NAN,2022-03-24,0,1
NAN,2022-03-25,0,1
NAN,2022-03-26,0,1
NAN,2022-03-27,0,1
NAN,2022-03-28,0,1
NAN,2022-03-29,0,1
NAN,2022-03-30,0,1
NAN,2022-03-31,0,1
NAN,2022-04-01,0,1
NAN,2022-04-02,0,1
NAN,2022-04-03,0,1
NAN,2022-04-04,0,1
NAN,2022-04-05,0,1
NAN,2022-04-06,0,1
NAN,2022-04-07,0,1
NAN,2022-04-08,0,1
NAN,2022-04-09,0,1
NAN,2022-04-10,0,1
NAN,2022-04-11,0,1
NAN,2022-04-12,0,1
NAN,2022-04-13,0,1
NAN,2022-04-14,0,1
NAN,2022-04-15,0,1
NAN,2022-04-16,0,1
NAN,2022-04-17,0,1
NAN,2022-04-18,0,1
NAN,2022-04-19,0,1
NAN,2022-04-20,0,1
NAN,2022-04-21,0,1
NAN,2022-04-22,0,1
NAN,2022-04-23,0,1
NAN,2022-04-24,0,1
NAN,2022-04-25,0,1
NAN,2022-04-26,0,1
NAN,2022-04-27,0,1
NAN,2022-04-28,0,1
NAN,2022-04-29,0,1
NAN,2022-04-30,0,1
NAN,2022-05-01,0,1
NAN,2022-05-02,0,1
NAN,2022-05-03,0,1
NAN,2022-05-04,0,1
NAN,2022-05-05,0,1
NAN,2022-05-06,0,1
NAN,2022-05-07,0,1
NAN,2022-05-08,0,1
NAN,2022-05-09,0,1
NAN,2022-05-10,0,1
NAN,2022-05-11,1,2
NAN,2022-05-12,0,2
NAN,2022-05-13,0,2
NAN,2022-05-14,0,2
NAN,2022-05-15,0,2
NAN,2022-05-16,0,2
NAN,2022-05-17,0,2
NAN,2022-05-18,0,2
NAN,2022-05-19,2,4
NAN,2022-05-20,0,4
NAN,2022-05-21,0,4
NAN,2022-05-22,1,5
NAN,2022-05-23,1,6
NAN,2022-05-24,0,6
NAN,2022-05-25,0,6
NAN,2022-05-26,3,9
NAN,2022-05-27,0,9
NAN,2022-05-28,0,9
NAN,2022-05-29,2,11
NAN,2022-05-30,1,12
NAN,2022-05-31,1,13
NAN,2022-06-01,3,16
NAN,2022-06-02,4,20
NAN,2022-06-03,7,27
NAN,2022-06-04,3,30
YUN,2022-03-10,0,1
YUN,2022-03-11,0,1
YUN,2022-03-12,0,1
YUN,2022-03-13,0,1
YUN,2022-03-14,0,1
YUN,2022-03-15,0,1
YUN,2022-03-16,0,1
YUN,2022-03-17,0,1
YUN,2022-03-18,0,1
YUN,2022-03-19,0,1
YUN,2022-03-20,0,1
YUN,2022-03-21,0,1
YUN,2022-03-22,0,1
YUN,2022-03-23,0,1
YUN,2022-03-24,0,1
YUN,2022-03-25,0,1
YUN,2022-03-26,0,1
YUN,2022-03-27,0,1
YUN,2022-03-28,0,1
YUN,2022-03-29,0,1
YUN,2022-03-30,0,1
YUN,2022-03-31,0,1
YUN,2022-04-01,0,1
YUN,2022-04-02,0,1
YUN,2022-04-03,0,1
YUN,2022-04-04,0,1
YUN,2022-04-05,0,1
YUN,2022-04-06,0,1
YUN,2022-04-07,0,1
YUN,2022-04-08,0,1
YUN,2022-04-09,0,1
YUN,2022-04-10,0,1
YUN,2022-04-11,0,1
YUN,2022-04-12,0,1
YUN,2022-04-13,0,1
YUN,2022-04-14,0,1
YUN,2022-04-15,0,1
YUN,2022-04-16,0,1
YUN,2022-04-17,0,1
YUN,2022-04-18,0,1
YUN,2022-04-19,0,1
YUN,2022-04-20,0,1
YUN,2022-04-21,0,1
YUN,2022-04-22,0,1
YUN,2022-04-23,0,1
YUN,2022-04-24,0,1
YUN,2022-04-25,0,1
YUN,2022-04-26,0,1
YUN,2022-04-27,0,1
YUN,2022-04-28,0,1
YUN,2022-04-29,0,1
YUN,2022-04-30,0,1
YUN,2022-05-01,0,1
YUN,2022-05-02,0,1
YUN,2022-05-03,0,1
YUN,2022-05-04,0,1
YUN,2022-05-05,0,1
YUN,2022-05-06,0,1
YUN,2022-05-07,1,2
YUN,2022-05-08,0,2
YUN,2022-05-09,0,2
YUN,2022-05-10,0,2
YUN,2022-05-11,0,2
YUN,2022-05-12,0,2
YUN,2022-05-13,0,2
YUN,2022-05-14,0,2
YUN,2022-05-15,1,3
YUN,2022-05-16,3,6
YUN,2022-05-17,0,6
YUN,2022-05-18,0,6
YUN,2022-05-19,0,6
YUN,2022-05-20,1,7
YUN,2022-05-21,0,7
YUN,2022-05-22,1,8
YUN,2022-05-23,0,8
YUN,2022-05-24,3,11
YUN,2022-05-25,0,11
YUN,2022-05-26,3,14
YUN,2022-05-27,2,16
YUN,2022-05-28,3,19
YUN,2022-05-29,3,22
YUN,2022-05-30,6,28
YUN,2022-05-31,1,29
YUN,2022-06-01,4,33
YUN,2022-06-02,0,33
YUN,2022-06-03,4,37
YUN,2022-06-04,1,38
CYQ,2022-03-10,0,0
CYQ,2022-03-11,0,0
CYQ,2022-03-12,0,0
CYQ,2022-03-13,0,0
CYQ,2022-03-14,0,0
CYQ,2022-03-15,0,0
CYQ,2022-03-16,0,0
CYQ,2022-03-17,0,0
CYQ,2022-03-18,0,0
CYQ,2022-03-19,0,0
CYQ,2022-03-20,0,0
CYQ,2022-03-21,0,0
CYQ,2022-03-22,0,0
CYQ,2022-03-23,0,0
CYQ,2022-03-24,0,0
CYQ,2022-03-25,0,0
CYQ,2022-03-26,0,0
CYQ,2022-03-27,0,0
CYQ,2022-03-28,0,0
CYQ,2022-03-29,0,0
CYQ,2022-03-30,0,0
CYQ,2022-03-31,0,0
CYQ,2022-04-01,0,0
CYQ,2022-04-02,0,0
CYQ,2022-04-03,0,0
CYQ,2022-04-04,0,0
CYQ,2022-04-05,0,0
CYQ,2022-04-06,0,0
CYQ,2022-04-07,0,0
CYQ,2022-04-08,0,0
CYQ,2022-04-09,0,0
CYQ,2022-04-10,0,0
CYQ,2022-04-11,0,0
CYQ,2022-04-12,0,0
CYQ,2022-04-13,0,0
CYQ,2022-04-14,0,0
CYQ,2022-04-15,0,0
CYQ,2022-04-16,0,0
CYQ,2022-04-17,0,0
CYQ,2022-04-18,0,0
CYQ,2022-04-19,0,0
CYQ,2022-04-20,0,0
CYQ,2022-04-21,0,0
CYQ,2022-04-22,0,0
CYQ,2022-04-23,0,0
CYQ,2022-04-24,0,0
CYQ,2022-04-25,0,0
CYQ,2022-04-26,0,0
CYQ,2022-04-27,0,0
CYQ,2022-04-28,0,0
CYQ,2022-04-29,0,0
CYQ,2022-04-30,0,0
CYQ,2022-05-01,0,0
CYQ,2022-05-02,0,0
CYQ,2022-05-03,0,0
CYQ,2022-05-04,0,0
CYQ,2022-05-05,0,0
CYQ,2022-05-06,0,0
CYQ,2022-05-07,0,0
CYQ,2022-05-08,0,0
CYQ,2022-05-09,1,1
CYQ,2022-05-10,0,1
CYQ,2022-05-11,0,1
CYQ,2022-05-12,0,1
CYQ,2022-05-13,0,1
CYQ,2022-05-14,0,1
CYQ,2022-05-15,1,2
CYQ,2022-05-16,0,2
CYQ,2022-05-17,0,2
CYQ,2022-05-18,0,2
CYQ,2022-05-19,3,5
CYQ,2022-05-20,1,6
CYQ,2022-05-21,0,6
CYQ,2022-05-22,0,6
CYQ,2022-05-23,0,6
CYQ,2022-05-24,1,7
CYQ,2022-05-25,0,7
CYQ,2022-05-26,1,8
CYQ,2022-05-27,1,9
CYQ,2022-05-28,2,11
CYQ,2022-05-29,-1,10
CYQ,2022-05-30,2,12
CYQ,2022-05-31,2,14
CYQ,2022-06-01,0,14
CYQ,2022-06-02,0,14
CYQ,2022-06-03,3,17
CYQ,2022-06-04,1,18
CYI,2022-03-10,0,0
CYI,2022-03-11,0,0
CYI,2022-03-12,0,0
CYI,2022-03-13,0,0
CYI,2022-03-14,0,0
CYI,2022-03-15,0,0
CYI,2022-03-16,0,0
CYI,2022-03-17,0,0
CYI,2022-03-18,0,0
CYI,2022-03-19,0,0
CYI,2022-03-20,0,0
CYI,2022-03-21,0,0
CYI,2022-03-22,0,0
CYI,2022-03-23,0,0
CYI,2022-03-24,0,0
CYI,2022-03-25,0,0
CYI,2022-03-26,0,0
CYI,2022-03-27,0,0
CYI,2022-03-28,0,0
CYI,2022-03-29,0,0
CYI,2022-03-30,0,0
CYI,2022-03-31,0,0
CYI,2022-04-01,0,0
CYI,2022-04-02,0,0
CYI,2022-04-03,0,0
CYI,2022-04-04,0,0
CYI,2022-04-05,0,0
CYI,2022-04-06,0,0
CYI,2022-04-07,0,0
CYI,2022-04-08,0,0
CYI,2022-04-09,0,0
CYI,2022-04-10,0,0
CYI,2022-04-11,0,0
CYI,2022-04-12,0,0
CYI,2022-04-13,0,0
CYI,2022-04-14,0,0
CYI,2022-04-15,0,0
CYI,2022-04-16,0,0
CYI,2022-04-17,0,0
CYI,2022-04-18,0,0
CYI,2022-04-19,0,0
CYI,2022-04-20,0,0
CYI,2022-04-21,0,0
CYI,2022-04-22,0,0
CYI,2022-04-23,0,0
CYI,2022-04-24,0,0
CYI,2022-04-25,0,0
CYI,2022-04-26,0,0
CYI,2022-04-27,0,0
CYI,2022-04-28,0,0
CYI,2022-04-29,0,0
CYI,2022-04-30,0,0
CYI,2022-05-01,0,0
CYI,2022-05-02,0,0
CYI,2022-05-03,0,0
CYI,2022-05-04,0,0
CYI,2022-05-05,0,0
CYI,2022-05-06,0,0
CYI,2022-05-07,0,0
CYI,2022-05-08,0,0
CYI,2022-05-09,0,0
CYI,2022-05-10,0,0
CYI,2022-05-11,0,0
CYI,2022-05-12,0,0
CYI,2022-05-13,0,0
CYI,2022-05-14,0,0
CYI,2022-05-15,0,0
CYI,2022-05-16,1,1
CYI,2022-05-17,0,1
CYI,2022-05-18,0,1
CYI,2022-05-19,0,1
CYI,2022-05-20,1,2
CYI,2022-05-21,0,2
CYI,2022-05-22,0,2
CYI,2022-05-23,0,2
CYI,2022-05-24,1,3
CYI,2022-05-25,1,4
CYI,2022-05-26,1,5
CYI,2022-05-27,3,8
CYI,2022-05-28,1,9
CYI,2022-05-29,2,11
CYI,2022-05-30,1,12
CYI,2022-05-31,2,14
CYI,2022-06-01,2,16
CYI,2022-06-02,2,18
CYI,2022-06-03,1,19
CYI,2022-06-04,2,21
TNN,2022-03-10,0,1
TNN,2022-03-11,0,1
TNN,2022-03-12,0,1
TNN,2022-03-13,0,1
TNN,2022-03-14,0,1
TNN,2022-03-15,0,1
TNN,2022-03-16,0,1
TNN,2022-03-17,0,1
TNN,2022-03-18,0,1
TNN,2022-03-19,0,1
TNN,2022-03-20,0,1
TNN,2022-03-21,0,1
TNN,2022-03-22,0,1
TNN,2022-03-23,0,1
TNN,2022-03-24,0,1
TNN,2022-03-25,0,1
TNN,2022-03-26,0,1
TNN,2022-03-27,0,1
TNN,2022-03-28,0,1
TNN,2022-03-29,0,1
TNN,2022-03-30,0,1
TNN,2022-03-31,0,1
TNN,2022-04-01,0,1
TNN,2022-04-02,0,1
TNN,2022-04-03,0,1
TNN,2022-04-04,0,1
TNN,2022-04-05,0,1
TNN,2022-04-06,0,1
TNN,2022-04-07,0,1
TNN,2022-04-08,0,1
TNN,2022-04-09,0,1
TNN,2022-04-10,0,1
TNN,2022-04-11,0,1
TNN,2022-04-12,0,1
TNN,2022-04-13,0,1
TNN,2022-04-14,0,1
TNN,2022-04-15,0,1
TNN,2022-04-16,0,1
TNN,2022-04-17,0,1
TNN,2022-04-18,0,1
TNN,2022-04-19,0,1
TNN,2022-04-20,0,1
TNN,2022-04-21,0,1
TNN,2022-04-22,0,1
TNN,2022-04-23,0,1
TNN,2022-04-24,0,1
TNN,2022-04-25,0,1
TNN,2022-04-26,0,1
TNN,2022-04-27,0,1
TNN,2022-04-28,0,1
TNN,2022-04-29,0,1
TNN,2022-04-30,0,1
TNN,2022-05-01,0,1
TNN,2022-05-02,0,1
TNN,2022-05-03,0,1
TNN,2022-05-04,0,1
TNN,2022-05-05,0,1
TNN,2022-05-06,0,1
TNN,2022-05-07,0,1
TNN,2022-05-08,0,1
TNN,2022-05-09,0,1
TNN,2022-05-10,0,1
TNN,2022-05-11,1,2
TNN,2022-05-12,0,2
TNN,2022-05-13,0,2
TNN,2022-05-14,0,2
TNN,2022-05-15,1,3
TNN,2022-05-16,1,4
TNN,2022-05-17,1,5
TNN,2022-05-18,0,5
TNN,2022-05-19,2,7
TNN,2022-05-20,2,9
TNN,2022-05-21,0,9
TNN,2022-05-22,1,10
TNN,2022-05-23,0,10
TNN,2022-05-24,6,16
TNN,2022-05-25,6,22
TNN,2022-05-26,1,23
TNN,2022-05-27,5,28
TNN,2022-05-28,4,32
TNN,2022-05-29,10,42
TNN,2022-05-30,8,50
TNN,2022-05-31,9,59
TNN,2022-06-01,7,66
TNN,2022-06-02,2,68
TNN,2022-06-03,10,78
TNN,2022-06-04,13,91
KHH,2022-03-10,0,1
KHH,2022-03-11,0,1
KHH,2022-03-12,0,1
KHH,2022-03-13,0,1
KHH,2022-03-14,0,1
KHH,2022-03-15,0,1
KHH,2022-03-16,0,1
KHH,2022-03-17,0,1
KHH,2022-03-18,0,1
KHH,2022-03-19,0,1
KHH,2022-03-20,0,1
KHH,2022-03-21,0,1
KHH,2022-03-22,0,1
KHH,2022-03-23,0,1
KHH,2022-03-24,0,1
KHH,2022-03-25,0,1
KHH,2022-03-26,0,1
KHH,2022-03-27,0,1
KHH,2022-03-28,0,1
KHH,2022-03-29,0,1
KHH,2022-03-30,0,1
KHH,2022-03-31,0,1
KHH,2022-04-01,0,1
KHH,2022-04-02,0,1
KHH,2022-04-03,0,1
KHH,2022-04-04,0,1
KHH,2022-04-05,0,1
KHH,2022-04-06,0,1
KHH,2022-04-07,0,1
KHH,2022-04-08,0,1
KHH,2022-04-09,0,1
KHH,2022-04-10,0,1
KHH,2022-04-11,0,1
KHH,2022-04-12,0,1
KHH,2022-04-13,0,1
KHH,2022-04-14,0,1
KHH,2022-04-15,0,1
KHH,2022-04-16,0,1
KHH,2022-04-17,0,1
KHH,2022-04-18,0,1
KHH,2022-04-19,0,1
KHH,2022-04-20,0,1
KHH,2022-04-21,0,1
KHH,2022-04-22,0,1
KHH,2022-04-23,0,1
KHH,2022-04-24,0,1
KHH,2022-04-25,0,1
KHH,2022-04-26,0,1
KHH,2022-04-27,0,1
KHH,2022-04-28,0,1
KHH,2022-04-29,0,1
KHH,2022-04-30,0,1
KHH,2022-05-01,0,1
KHH,2022-05-02,0,1
KHH,2022-05-03,0,1
KHH,2022-05-04,0,1
KHH,2022-05-05,1,2
KHH,2022-05-06,0,2
KHH,2022-05-07,0,2
KHH,2022-05-08,0,2
KHH,2022-05-09,0,2
KHH,2022-05-10,0,2
KHH,2022-05-11,0,2
KHH,2022-05-12,0,2
KHH,2022-05-13,0,2
KHH,2022-05-14,3,5
KHH,2022-05-15,1,6
KHH,2022-05-16,0,6
KHH,2022-05-17,0,6
KHH,2022-05-18,1,7
KHH,2022-05-19,6,13
KHH,2022-05-20,1,14
KHH,2022-05-21,7,21
KHH,2022-05-22,0,21
KHH,2022-05-23,3,24
KHH,2022-05-24,5,29
KHH,2022-05-25,3,32
KHH,2022-05-26,7,39
KHH,2022-05-27,8,47
KHH,2022-05-28,13,60
KHH,2022-05-29,7,67
KHH,2022-05-30,9,76
KHH,2022-05-31,4,80
KHH,2022-06-01,7,87
KHH,2022-06-02,14,101
KHH,2022-06-03,17,118
KHH,2022-06-04,9,127
PIF,2022-03-10,0,1
PIF,2022-03-11,0,1
PIF,2022-03-12,0,1
PIF,2022-03-13,0,1
PIF,2022-03-14,0,1
PIF,2022-03-15,0,1
PIF,2022-03-16,0,1
PIF,2022-03-17,0,1
PIF,2022-03-18,0,1
PIF,2022-03-19,0,1
PIF,2022-03-20,0,1
PIF,2022-03-21,0,1
PIF,2022-03-22,0,1
PIF,2022-03-23,0,1
PIF,2022-03-24,0,1
PIF,2022-03-25,0,1
PIF,2022-03-26,0,1
PIF,2022-03-27,0,1
PIF,2022-03-28,0,1
PIF,2022-03-29,0,1
PIF,2022-03-30,0,1
PIF,2022-03-31,0,1
PIF,2022-04-01,0,1
PIF,2022-04-02,0,1
PIF,2022-04-03,0,1
PIF,2022-04-04,0,1
PIF,2022-04-05,0,1
PIF,2022-04-06,0,1
PIF,2022-04-07,0,1
PIF,2022-04-08,0,1
PIF,2022-04-09,0,1
PIF,2022-04-10,0,1
PIF,2022-04-11,0,1
PIF,2022-04-12,0,1
PIF,2022-04-13,0,1
PIF,2022-04-14,0,1
PIF,2022-04-15,0,1
PIF,2022-04-16,0,1
PIF,2022-04-17,0,1
PIF,2022-04-18,0,1
PIF,2022-04-19,0,1
PIF,2022-04-20,0,1
PIF,2022-04-21,0,1
PIF,2022-04-22,0,1
PIF,2022-04-23,0,1
PIF,2022-04-24,0,1
PIF,2022-04-25,0,1
PIF,2022-04-26,0,1
PIF,2022-04-27,0,1
PIF,2022-04-28,0,1
PIF,2022-04-29,1,2
PIF,2022-04-30,0,2
PIF,2022-05-01,0,2
PIF,2022-05-02,0,2
PIF,2022-05-03,1,3
PIF,2022-05-04,0,3
PIF,2022-05-05,0,3
PIF,2022-05-06,0,3
PIF,2022-05-07,0,3
PIF,2022-05-08,0,3
PIF,2022-05-09,1,4
PIF,2022-05-10,0,4
PIF,2022-05-11,0,4
PIF,2022-05-12,0,4
PIF,2022-05-13,0,4
PIF,2022-05-14,0,4
PIF,2022-05-15,0,4
PIF,2022-05-16,0,4
PIF,2022-05-17,2,6
PIF,2022-05-18,0,6
PIF,2022-05-19,2,8
PIF,2022-05-20,1,9
PIF,2022-05-21,4,13
PIF,2022-05-22,0,13
PIF,2022-05-23,3,16
PIF,2022-05-24,2,18
PIF,2022-05-25,0,18
PIF,2022-05-26,1,19
PIF,2022-05-27,4,23
PIF,2022-05-28,6,29
PIF,2022-05-29,6,35
PIF,2022-05-30,1,36
PIF,2022-05-31,3,39
PIF,2022-06-01,7,46
PIF,2022-06-02,4,50
PIF,2022-06-03,9,59
PIF,2022-06-04,9,68
ILA,2022-03-10,0,2
ILA,2022-03-11,0,2
ILA,2022-03-12,0,2
ILA,2022-03-13,0,2
ILA,2022-03-14,0,2
ILA,2022-03-15,0,2
ILA,2022-03-16,0,2
ILA,2022-03-17,0,2
ILA,2022-03-18,0,2
ILA,2022-03-19,0,2
ILA,2022-03-20,0,2
ILA,2022-03-21,0,2
ILA,2022-03-22,0,2
ILA,2022-03-23,0,2
ILA,2022-03-24,0,2
ILA,2022-03-25,0,2
ILA,2022-03-26,0,2
ILA,2022-03-27,0,2
ILA,2022-03-28,0,2
ILA,2022-03-29,0,2
ILA,2022-03-30,0,2
ILA,2022-03-31,0,2
ILA,2022-04-01,0,2
ILA,2022-04-02,0,2
ILA,2022-04-03,0,2
ILA,2022-04-04,0,2
ILA,2022-04-05,0,2
ILA,2022-04-06,0,2
ILA,2022-04-07,0,2
ILA,2022-04-08,0,2
ILA,2022-04-09,0,2
ILA,2022-04-10,0,2
ILA,2022-04-11,0,2
ILA,2022-04-12,0,2
ILA,2022-04-13,0,2
ILA,2022-04-14,0,2
ILA,2022-04-15,0,2
ILA,2022-04-16,0,2
ILA,2022-04-17,0,2
ILA,2022-04-18,0,2
ILA,2022-04-19,0,2
ILA,2022-04-20,0,2
ILA,2022-04-21,0,2
ILA,2022-04-22,0,2
ILA,2022-04-23,0,2
ILA,2022-04-24,0,2
ILA,2022-04-25,0,2
ILA,2022-04-26,0,2
ILA,2022-04-27,0,2
ILA,2022-04-28,0,2
ILA,2022-04-29,0,2
ILA,2022-04-30,0,2
ILA,2022-05-01,0,2
ILA,2022-05-02,1,3
ILA,2022-05-03,1,4
ILA,2022-05-04,0,4
ILA,2022-05-05,0,4
ILA,2022-05-06,1,5
ILA,2022-05-07,1,6
ILA,2022-05-08,0,6
ILA,2022-05-09,0,6
ILA,2022-05-10,0,6
ILA,2022-05-11,0,6
ILA,2022-05-12,0,6
ILA,2022-05-13,0,6
ILA,2022-05-14,1,7
ILA,2022-05-15,0,7
ILA,2022-05-16,0,7
ILA,2022-05-17,1,8
ILA,2022-05-18,0,8
ILA,2022-05-19,-1,7
ILA,2022-05-20,0,7
ILA,2022-05-21,2,9
ILA,2022-05-22,0,9
ILA,2022-05-23,0,9
ILA,2022-05-24,0,9
ILA,2022-05-25,6,15
ILA,2022-05-26,3,18
ILA,2022-05-27,9,27
ILA,2022-05-28,4,31
ILA,2022-05-29,9,40
ILA,2022-05-30,6,46
ILA,2022-05-31,4,50
ILA,2022-06-01,3,53
ILA,2022-06-02,5,58
ILA,2022-06-03,2,60
ILA,2022-06-04,6,66
HUA,2022-03-10,0,2
HUA,2022-03-11,0,2
HUA,2022-03-12,0,2
HUA,2022-03-13,0,2
HUA,2022-03-14,0,2
HUA,2022-03-15,0,2
HUA,2022-03-16,0,2
HUA,2022-03-17,0,2
HUA,2022-03-18,0,2
HUA,2022-03-19,0,2
HUA,2022-03-20,0,2
HUA,2022-03-21,0,2
HUA,2022-03-22,0,2
HUA,2022-03-23,0,2
HUA,2022-03-24,0,2
HUA,2022-03-25,0,2
HUA,2022-03-26,0,2
HUA,2022-03-27,0,2
HUA,2022-03-28,0,2
HUA,2022-03-29,0,2
HUA,2022-03-30,0,2
HUA,2022-03-31,0,2
HUA,2022-04-01,0,2
HUA,2022-04-02,0,2
HUA,2022-04-03,0,2
HUA,2022-04-04,0,2
HUA,2022-04-05,0,2
HUA,2022-04-06,0,2
HUA,2022-04-07,0,2
HUA,2022-04-08,0,2
HUA,2022-04-09,0,2
HUA,2022-04-10,0,2
HUA,2022-04-11,0,2
HUA,2022-04-12,0,2
HUA,2022-04-13,0,2
HUA,2022-04-14,0,2
HUA,2022-04-15,0,2
HUA,2022-04-16,0,2
HUA,2022-04-17,0,2
HUA,2022-04-18,0,2
HUA,2022-04-19,0,2
HUA,2022-04-20,0,2
HUA,2022-04-21,0,2
HUA,2022-04-22,0,2
HUA,2022-04-23,0,2
HUA,2022-04-24,0,2
HUA,2022-04-25,0,2
HUA,2022-04-26,0,2
HUA,2022-04-27,1,3
HUA,2022-04-28,0,3
HUA,2022-04-29,0,3
HUA,2022-04-30,0,3
HUA,2022-05-01,0,3
HUA,2022-05-02,0,3
HUA,2022-05-03,1,4
HUA,2022-05-04,0,4
HUA,2022-05-05,0,4
HUA,2022-05-06,0,4
HUA,2022-05-07,0,4
HUA,2022-05-08,0,4
HUA,2022-05-09,1,5
HUA,2022-05-10,0,5
HUA,2022-05-11,0,5
HUA,2022-05-12,0,5
HUA,2022-05-13,0,5
HUA,2022-05-14,0,5
HUA,2022-05-15,0,5
HUA,2022-05-16,0,5
HUA,2022-05-17,4,9
HUA,2022-05-18,0,9
HUA,2022-05-19,2,11
HUA,2022-05-20,3,14
HUA,2022-05-21,0,14
HUA,2022-05-22,2,16
HUA,2022-05-23,6,22
HUA,2022-05-24,4,26
HUA,2022-05-25,0,26
HUA,2022-05-26,3,29
HUA,2022-05-27,1,30
HUA,2022-05-28,5,35
HUA,2022-05-29,0,35
HUA,2022-05-30,6,41
HUA,2022-05-31,4,45
HUA,2022-06-01,3,48
HUA,2022-06-02,2,50
HUA,2022-06-03,4,54
HUA,2022-06-04,8,62
TTT,2022-03-10,0,1
TTT,2022-03-11,0,1
TTT,2022-03-12,0,1
TTT,2022-03-13,0,1
TTT,2022-03-14,0,1
TTT,2022-03-15,0,1
TTT,2022-03-16,0,1
TTT,2022-03-17,0,1
TTT,2022-03-18,0,1
TTT,2022-03-19,0,1
TTT,2022-03-20,0,1
TTT,2022-03-21,0,1
TTT,2022-03-22,0,1
TTT,2022-03-23,0,1
TTT,2022-03-24,0,1
TTT,2022-03-25,0,1
TTT,2022-03-26,0,1
TTT,2022-03-27,0,1
TTT,2022-03-28,0,1
TTT,2022-03-29,0,1
TTT,2022-03-30,0,1
TTT,2022-03-31,0,1
TTT,2022-04-01,0,1
TTT,2022-04-02,0,1
TTT,2022-04-03,0,1
TTT,2022-04-04,0,1
TTT,2022-04-05,0,1
TTT,2022-04-06,0,1
TTT,2022-04-07,0,1
TTT,2022-04-08,0,1
TTT,2022-04-09,0,1
TTT,2022-04-10,0,1
TTT,2022-04-11,0,1
TTT,2022-04-12,0,1
TTT,2022-04-13,0,1
TTT,2022-04-14,0,1
TTT,2022-04-15,0,1
TTT,2022-04-16,0,1
TTT,2022-04-17,0,1
TTT,2022-04-18,0,1
TTT,2022-04-19,0,1
TTT,2022-04-20,0,1
TTT,2022-04-21,0,1
TTT,2022-04-22,0,1
TTT,2022-04-23,0,1
TTT,2022-04-24,0,1
TTT,2022-04-25,0,1
TTT,2022-04-26,0,1
TTT,2022-04-27,0,1
TTT,2022-04-28,0,1
TTT,2022-04-29,0,1
TTT,2022-04-30,0,1
TTT,2022-05-01,0,1
TTT,2022-05-02,0,1
TTT,2022-05-03,0,1
TTT,2022-05-04,0,1
TTT,2022-05-05,0,1
TTT,2022-05-06,0,1
TTT,2022-05-07,0,1
TTT,2022-05-08,0,1
TTT,2022-05-09,0,1
TTT,2022-05-10,0,1
TTT,2022-05-11,0,1
TTT,2022-05-12,1,2
TTT,2022-05-13,0,2
TTT,2022-05-14,0,2
TTT,2022-05-15,2,4
TTT,2022-05-16,0,4
TTT,2022-05-17,1,5
TTT,2022-05-18,0,5
TTT,2022-05-19,0,5
TTT,2022-05-20,6,11
TTT,2022-05-21,0,11
TTT,2022-05-22,1,12
TTT,2022-05-23,0,12
TTT,2022-05-24,0,12
TTT,2022-05-25,0,12
TTT,2022-05-26,5,17
TTT,2022-05-27,1,18
TTT,2022-05-28,1,19
TTT,2022-05-29,5,24
TTT,2022-05-30,1,25
TTT,2022-05-31,1,26
TTT,2022-06-01,3,29
TTT,2022-06-02,0,29
TTT,2022-06-03,2,31
TTT,2022-06-04,1,32
PEN,2022-03-10,0,0
PEN,2022-03-11,0,0
PEN,2022-03-12,0,0
PEN,2022-03-13,0,0
PEN,2022-03-14,0,0
PEN,2022-03-15,0,0
PEN,2022-03-16,0,0
PEN,2022-03-17,0,0
PEN,2022-03-18,0,0
PEN,2022-03-19,0,0
PEN,2022-03-20,0,0
PEN,2022-03-21,0,0
PEN,2022-03-22,0,0
PEN,2022-03-23,0,0
PEN,2022-03-24,0,0
PEN,2022-03-25,0,0
PEN,2022-03-26,0,0
PEN,2022-03-27,0,0
PEN,2022-03-28,0,0
PEN,2022-03-29,0,0
PEN,2022-03-30,0,0
PEN,2022-03-31,0,0
PEN,2022-04-01,0,0
PEN,2022-04-02,0,0
PEN,2022-04-03,0,0
PEN,2022-04-04,0,0
PEN,2022-04-05,0,0
PEN,2022-04-06,0,0
PEN,2022-04-07,0,0
PEN,2022-04-08,0,0
PEN,2022-04-09,0,0
PEN,2022-04-10,0,0
PEN,2022-04-11,0,0
PEN,2022-04-12,0,0
PEN,2022-04-13,0,0
PEN,2022-04-14,0,0
PEN,2022-04-15,0,0
PEN,2022-04-16,0,0
PEN,2022-04-17,0,0
PEN,2022-04-18,0,0
PEN,2022-04-19,0,0
PEN,2022-04-20,0,0
PEN,2022-04-21,0,0
PEN,2022-04-22,0,0
PEN,2022-04-23,0,0
PEN,2022-04-24,0,0
PEN,2022-04-25,0,0
PEN,2022-04-26,0,0
PEN,2022-04-27,0,0
PEN,2022-04-28,0,0
PEN,2022-04-29,0,0
PEN,2022-04-30,0,0
PEN,2022-05-01,0,0
PEN,2022-05-02,0,0
PEN,2022-05-03,0,0
PEN,2022-05-04,0,0
PEN,2022-05-05,0,0
PEN,2022-05-06,0,0
PEN,2022-05-07,0,0
PEN,2022-05-08,0,0
PEN,2022-05-09,0,0
PEN,2022-05-10,0,0
PEN,2022-05-11,0,0
PEN,2022-05-12,0,0
PEN,2022-05-13,0,0
PEN,2022-05-14,0,0
PEN,2022-05-15,0,0
PEN,2022-05-16,0,0
PEN,2022-05-17,0,0
PEN,2022-05-18,0,0
PEN,2022-05-19,0,0
PEN,2022-05-20,0,0
PEN,2022-05-21,0,0
PEN,2022-05-22,0,0
PEN,2022-05-23,0,0
PEN,2022-05-24,0,0
PEN,2022-05-25,0,0
PEN,2022-05-26,0,0
PEN,2022-05-27,0,0
PEN,2022-05-28,0,0
PEN,2022-05-29,0,0
PEN,2022-05-30,0,0
PEN,2022-05-31,1,1
PEN,2022-06-01,0,1
PEN,2022-06-02,0,1
PEN,2022-06-03,0,1
PEN,2022-06-04,0,1
KIN,2022-03-10,0,0
KIN,2022-03-11,0,0
KIN,2022-03-12,0,0
KIN,2022-03-13,0,0
KIN,2022-03-14,0,0
KIN,2022-03-15,0,0
KIN,2022-03-16,0,0
KIN,2022-03-17,0,0
KIN,2022-03-18,0,0
KIN,2022-03-19,0,0
KIN,2022-03-20,0,0
KIN,2022-03-21,0,0
KIN,2022-03-22,0,0
KIN,2022-03-23,0,0
KIN,2022-03-24,0,0
KIN,2022-03-25,0,0
KIN,2022-03-26,0,0
KIN,2022-03-27,0,0
KIN,2022-03-28,0,0
KIN,2022-03-29,0,0
KIN,2022-03-30,0,0
KIN,2022-03-31,0,0
KIN,2022-04-01,0,0
KIN,2022-04-02,0,0
KIN,2022-04-03,0,0
KIN,2022-04-04,0,0
KIN,2022-04-05,0,0
KIN,2022-04-06,0,0
KIN,2022-04-07,0,0
KIN,2022-04-08,0,0
KIN,2022-04-09,0,0
KIN,2022-04-10,0,0
KIN,2022-04-11,0,0
KIN,2022-04-12,0,0
KIN,2022-04-13,0,0
KIN,2022-04-14,0,0
KIN,2022-04-15,0,0
KIN,2022-04-16,0,0
KIN,2022-04-17,0,0
KIN,2022-04-18,0,0
KIN,2022-04-19,0,0
KIN,2022-04-20,0,0
KIN,2022-04-21,0,0
KIN,2022-04-22,0,0
KIN,2022-04-23,0,0
KIN,2022-04-24,0,0
KIN,2022-04-25,0,0
KIN,2022-04-26,0,0
KIN,2022-04-27,0,0
KIN,2022-04-28,0,0
KIN,2022-04-29,0,0
KIN,2022-04-30,0,0
KIN,2022-05-01,0,0
KIN,2022-05-02,0,0
KIN,2022-05-03,0,0
KIN,2022-05-04,0,0
KIN,2022-05-05,0,0
KIN,2022-05-06,0,0
KIN,2022-05-07,0,0
KIN,2022-05-08,0,0
KIN,2022-05-09,0,0
KIN,2022-05-10,0,0
KIN,2022-05-11,0,0
KIN,2022-05-12,0,0
KIN,2022-05-13,0,0
KIN,2022-05-14,0,0
KIN,2022-05-15,0,0
KIN,2022-05-16,0,0
KIN,2022-05-17,0,0
KIN,2022-05-18,1,1
KIN,2022-05-19,0,1
KIN,2022-05-20,0,1
KIN,2022-05-21,0,1
KIN,2022-05-22,1,2
KIN,2022-05-23,0,2
KIN,2022-05-24,0,2
KIN,2022-05-25,0,2
KIN,2022-05-26,0,2
KIN,2022-05-27,0,2
KIN,2022-05-28,0,2
KIN,2022-05-29,0,2
KIN,2022-05-30,1,3
KIN,2022-05-31,0,3
KIN,2022-06-01,0,3
KIN,2022-06-02,0,3
KIN,2022-06-03,0,3
KIN,2022-06-04,1,4
LIE,2022-03-10,0,0
LIE,2022-03-11,0,0
LIE,2022-03-12,0,0
LIE,2022-03-13,0,0
LIE,2022-03-14,0,0
LIE,2022-03-15,0,0
LIE,2022-03-16,0,0
LIE,2022-03-17,0,0
LIE,2022-03-18,0,0
LIE,2022-03-19,0,0
LIE,2022-03-20,0,0
LIE,2022-03-21,0,0
LIE,2022-03-22,0,0
LIE,2022-03-23,0,0
LIE,2022-03-24,0,0
LIE,2022-03-25,0,0
LIE,2022-03-26,0,0
LIE,2022-03-27,0,0
LIE,2022-03-28,0,0
LIE,2022-03-29,0,0
LIE,2022-03-30,0,0
LIE,2022-03-31,0,0
LIE,2022-04-01,0,0
LIE,2022-04-02,0,0
LIE,2022-04-03,0,0
LIE,2022-04-04,0,0
LIE,2022-04-05,0,0
LIE,2022-04-06,0,0
LIE,2022-04-07,0,0
LIE,2022-04-08,0,0
LIE,2022-04-09,0,0
LIE,2022-04-10,0,0
LIE,2022-04-11,0,0
LIE,2022-04-12,0,0
LIE,2022-04-13,0,0
LIE,2022-04-14,0,0
LIE,2022-04-15,0,0
LIE,2022-04-16,0,0
LIE,2022-04-17,0,0
LIE,2022-04-18,0,0
LIE,2022-04-19,0,0
LIE,2022-04-20,0,0
LIE,2022-04-21,0,0
LIE,2022-04-22,0,0
LIE,2022-04-23,0,0
LIE,2022-04-24,0,0
LIE,2022-04-25,0,0
LIE,2022-04-26,0,0
LIE,2022-04-27,0,0
LIE,2022-04-28,0,0
LIE,2022-04-29,0,0
LIE,2022-04-30,0,0
LIE,2022-05-01,0,0
LIE,2022-05-02,0,0
LIE,2022-05-03,0,0
LIE,2022-05-04,0,0
LIE,2022-05-05,0,0
LIE,2022-05-06,0,0
LIE,2022-05-07,0,0
LIE,2022-05-08,0,0
LIE,2022-05-09,0,0
LIE,2022-05-10,0,0
LIE,2022-05-11,0,0
LIE,2022-05-12,0,0
LIE,2022-05-13,0,0
LIE,2022-05-14,0,0
LIE,2022-05-15,0,0
LIE,2022-05-16,0,0
LIE,2022-05-17,0,0
LIE,2022-05-18,0,0
LIE,2022-05-19,0,0
LIE,2022-05-20,0,0
LIE,2022-05-21,0,0
LIE,2022-05-22,0,0
LIE,2022-05-23,0,0
LIE,2022-05-24,0,0
LIE,2022-05-25,0,0
LIE,2022-05-26,0,0
LIE,2022-05-27,0,0
LIE,2022-05-28,0,0
LIE,2022-05-29,0,0
LIE,2022-05-30,0,0
LIE,2022-05-31,0,0
LIE,2022-06-01,0,0
LIE,2022-06-02,0,0
LIE,2022-06-03,0,0
LIE,2022-06-04,0,0
TW,2022-03-10,0,839
TW,2022-03-11,0,839
TW,2022-03-12,0,839
TW,2022-03-13,0,839
TW,2022-03-14,0,839
TW,2022-03-15,0,839
TW,2022-03-16,0,839
TW,2022-03-17,0,839
TW,2022-03-18,0,839
TW,2022-03-19,0,839
TW,2022-03-20,0,839
TW,2022-03-21,0,839
TW,2022-03-22,0,839
TW,2022-03-23,0,839
TW,2022-03-24,0,839
TW,2022-03-25,0,839
TW,2022-03-26,0,839
TW,2022-03-27,0,839
TW,2022-03-28,0,839
TW,2022-03-29,0,839
TW,2022-03-30,0,839
TW,2022-03-31,0,839
TW,2022-04-01,0,839
TW,2022-04-02,0,839
TW,2022-04-03,0,839
TW,2022-04-04,0,839
TW,2022-04-05,0,839
TW,2022-04-06,0,839
TW,2022-04-07,0,839
TW,2022-04-08,0,839
TW,2022-04-09,1,840
TW,2022-04-10,0,840
TW,2022-04-11,0,840
TW,2022-04-12,0,840
TW,2022-04-13,0,840
TW,2022-04-14,0,840
TW,2022-04-15,0,840
TW,2022-04-16,0,840
TW,2022-04-17,0,840
TW,2022-04-18,0,840
TW,2022-04-19,2,842
TW,2022-04-20,0,842
TW,2022-04-21,0,842
TW,2022-04-22,0,842
TW,2022-04-23,0,842
TW,2022-04-24,0,842
TW,2022-04-25,0,842
TW,2022-04-26,0,842
TW,2022-04-27,1,843
TW,2022-04-28,2,845
TW,2022-04-29,2,847
TW,2022-04-30,3,850
TW,2022-05-01,3,853
TW,2022-05-02,3,856
TW,2022-05-03,5,861
TW,2022-05-04,5,866
TW,2022-05-05,5,871
TW,2022-05-06,10,881
TW,2022-05-07,11,892
TW,2022-05-08,12,904
TW,2022-05-09,12,916
TW,2022-05-10,12,928
TW,2022-05-11,8,936
TW,2022-05-12,17,953
TW,2022-05-13,41,994
TW,2022-05-14,40,1034
TW,2022-05-15,19,1053
TW,2022-05-16,29,1082
TW,2022-05-17,38,1120
TW,2022-05-18,41,1161
TW,2022-05-19,59,1220
TW,2022-05-20,49,1269
TW,2022-05-21,59,1328
TW,2022-05-22,53,1381
TW,2022-05-23,40,1421
TW,2022-05-24,42,1463
TW,2022-05-25,76,1539
TW,2022-05-26,104,1643
TW,2022-05-27,126,1769
TW,2022-05-28,127,1896
TW,2022-05-29,145,2041
TW,2022-05-30,109,2150
TW,2022-05-31,90,2240
TW,2022-06-01,122,2362
TW,2022-06-02,144,2506
TW,2022-06-03,142,2648
TW,2022-06-04,152,2800
